illPartner,divorce
man,divorce
man,divorce
man,divorce
man,divorce
man,divorce
man,divorce
man,divorce
man,no divorce
man,no divorce
man,no divorce
man,no divorce
man,no divorce
man,no divorce
man,no divorce
man,no divorce
man,no divorce
man,no divorce
man,no divorce
man,no divorce
man,no divorce
man,no divorce
man,no divorce
man,no divorce
man,no divorce
man,no divorce
man,no divorce
man,no divorce
man,no divorce
man,no divorce
man,no divorce
man,no divorce
man,no divorce
man,no divorce
man,no divorce
man,no divorce
man,no divorce
man,no divorce
man,no divorce
man,no divorce
man,no divorce
man,no divorce
man,no divorce
man,no divorce
man,no divorce
man,no divorce
man,no divorce
man,no divorce
man,no divorce
man,no divorce
man,no divorce
man,no divorce
man,no divorce
man,no divorce
man,no divorce
man,no divorce
man,no divorce
man,no divorce
man,no divorce
man,no divorce
man,no divorce
man,no divorce
man,no divorce
man,no divorce
man,no divorce
man,no divorce
man,no divorce
man,no divorce
man,no divorce
man,no divorce
man,no divorce
man,no divorce
man,no divorce
man,no divorce
man,no divorce
man,no divorce
man,no divorce
man,no divorce
man,no divorce
man,no divorce
man,no divorce
man,no divorce
man,no divorce
man,no divorce
man,no divorce
man,no divorce
man,no divorce
man,no divorce
man,no divorce
man,no divorce
man,no divorce
man,no divorce
man,no divorce
man,no divorce
man,no divorce
man,no divorce
man,no divorce
man,no divorce
man,no divorce
man,no divorce
man,no divorce
man,no divorce
man,no divorce
man,no divorce
man,no divorce
man,no divorce
man,no divorce
man,no divorce
man,no divorce
man,no divorce
man,no divorce
man,no divorce
man,no divorce
man,no divorce
man,no divorce
man,no divorce
man,no divorce
man,no divorce
man,no divorce
man,no divorce
man,no divorce
man,no divorce
man,no divorce
man,no divorce
man,no divorce
man,no divorce
man,no divorce
man,no divorce
man,no divorce
man,no divorce
man,no divorce
man,no divorce
man,no divorce
man,no divorce
man,no divorce
man,no divorce
man,no divorce
man,no divorce
man,no divorce
man,no divorce
man,no divorce
man,no divorce
man,no divorce
man,no divorce
man,no divorce
man,no divorce
man,no divorce
man,no divorce
man,no divorce
man,no divorce
man,no divorce
man,no divorce
man,no divorce
man,no divorce
man,no divorce
man,no divorce
man,no divorce
man,no divorce
man,no divorce
man,no divorce
man,no divorce
man,no divorce
man,no divorce
man,no divorce
man,no divorce
man,no divorce
man,no divorce
man,no divorce
man,no divorce
man,no divorce
man,no divorce
man,no divorce
man,no divorce
man,no divorce
man,no divorce
man,no divorce
man,no divorce
man,no divorce
man,no divorce
man,no divorce
man,no divorce
man,no divorce
man,no divorce
man,no divorce
man,no divorce
man,no divorce
man,no divorce
man,no divorce
man,no divorce
man,no divorce
man,no divorce
man,no divorce
man,no divorce
man,no divorce
man,no divorce
man,no divorce
man,no divorce
man,no divorce
man,no divorce
man,no divorce
man,no divorce
man,no divorce
man,no divorce
man,no divorce
man,no divorce
man,no divorce
man,no divorce
man,no divorce
man,no divorce
man,no divorce
man,no divorce
man,no divorce
man,no divorce
man,no divorce
man,no divorce
man,no divorce
man,no divorce
man,no divorce
man,no divorce
man,no divorce
man,no divorce
man,no divorce
man,no divorce
man,no divorce
man,no divorce
man,no divorce
man,no divorce
man,no divorce
man,no divorce
man,no divorce
man,no divorce
man,no divorce
man,no divorce
man,no divorce
man,no divorce
man,no divorce
man,no divorce
man,no divorce
man,no divorce
man,no divorce
man,no divorce
man,no divorce
man,no divorce
man,no divorce
man,no divorce
man,no divorce
man,no divorce
man,no divorce
man,no divorce
man,no divorce
man,no divorce
man,no divorce
man,no divorce
man,no divorce
man,no divorce
man,no divorce
man,no divorce
man,no divorce
man,no divorce
man,no divorce
man,no divorce
man,no divorce
woman,divorce
woman,divorce
woman,divorce
woman,divorce
woman,divorce
woman,divorce
woman,divorce
woman,divorce
woman,divorce
woman,divorce
woman,divorce
woman,divorce
woman,divorce
woman,divorce
woman,divorce
woman,divorce
woman,divorce
woman,divorce
woman,divorce
woman,divorce
woman,divorce
woman,divorce
woman,divorce
woman,divorce
woman,divorce
woman,divorce
woman,divorce
woman,divorce
woman,divorce
woman,divorce
woman,divorce
woman,divorce
woman,divorce
woman,divorce
woman,divorce
woman,divorce
woman,divorce
woman,divorce
woman,divorce
woman,divorce
woman,divorce
woman,divorce
woman,divorce
woman,divorce
woman,divorce
woman,divorce
woman,divorce
woman,divorce
woman,divorce
woman,divorce
woman,divorce
woman,divorce
woman,divorce
woman,no divorce
woman,no divorce
woman,no divorce
woman,no divorce
woman,no divorce
woman,no divorce
woman,no divorce
woman,no divorce
woman,no divorce
woman,no divorce
woman,no divorce
woman,no divorce
woman,no divorce
woman,no divorce
woman,no divorce
woman,no divorce
woman,no divorce
woman,no divorce
woman,no divorce
woman,no divorce
woman,no divorce
woman,no divorce
woman,no divorce
woman,no divorce
woman,no divorce
woman,no divorce
woman,no divorce
woman,no divorce
woman,no divorce
woman,no divorce
woman,no divorce
woman,no divorce
woman,no divorce
woman,no divorce
woman,no divorce
woman,no divorce
woman,no divorce
woman,no divorce
woman,no divorce
woman,no divorce
woman,no divorce
woman,no divorce
woman,no divorce
woman,no divorce
woman,no divorce
woman,no divorce
woman,no divorce
woman,no divorce
woman,no divorce
woman,no divorce
woman,no divorce
woman,no divorce
woman,no divorce
woman,no divorce
woman,no divorce
woman,no divorce
woman,no divorce
woman,no divorce
woman,no divorce
woman,no divorce
woman,no divorce
woman,no divorce
woman,no divorce
woman,no divorce
woman,no divorce
woman,no divorce
woman,no divorce
woman,no divorce
woman,no divorce
woman,no divorce
woman,no divorce
woman,no divorce
woman,no divorce
woman,no divorce
woman,no divorce
woman,no divorce
woman,no divorce
woman,no divorce
woman,no divorce
woman,no divorce
woman,no divorce
woman,no divorce
woman,no divorce
woman,no divorce
woman,no divorce
woman,no divorce
woman,no divorce
woman,no divorce
woman,no divorce
woman,no divorce
woman,no divorce
woman,no divorce
woman,no divorce
woman,no divorce
woman,no divorce
woman,no divorce
woman,no divorce
woman,no divorce
woman,no divorce
woman,no divorce
woman,no divorce
woman,no divorce
woman,no divorce
woman,no divorce
woman,no divorce
woman,no divorce
woman,no divorce
woman,no divorce
woman,no divorce
woman,no divorce
woman,no divorce
woman,no divorce
woman,no divorce
woman,no divorce
woman,no divorce
woman,no divorce
woman,no divorce
woman,no divorce
woman,no divorce
woman,no divorce
woman,no divorce
woman,no divorce
woman,no divorce
woman,no divorce
woman,no divorce
woman,no divorce
woman,no divorce
woman,no divorce
woman,no divorce
woman,no divorce
woman,no divorce
woman,no divorce
woman,no divorce
woman,no divorce
woman,no divorce
woman,no divorce
woman,no divorce
woman,no divorce
woman,no divorce
woman,no divorce
woman,no divorce
woman,no divorce
woman,no divorce
woman,no divorce
woman,no divorce
woman,no divorce
woman,no divorce
woman,no divorce
woman,no divorce
woman,no divorce
woman,no divorce
woman,no divorce
woman,no divorce
woman,no divorce
woman,no divorce
woman,no divorce
woman,no divorce
woman,no divorce
woman,no divorce
woman,no divorce
woman,no divorce
woman,no divorce
woman,no divorce
woman,no divorce
woman,no divorce
woman,no divorce
woman,no divorce
woman,no divorce
woman,no divorce
woman,no divorce
woman,no divorce
woman,no divorce
woman,no divorce
woman,no divorce
woman,no divorce
woman,no divorce
woman,no divorce
woman,no divorce
woman,no divorce
woman,no divorce
woman,no divorce
woman,no divorce
woman,no divorce
woman,no divorce
woman,no divorce
woman,no divorce
woman,no divorce
woman,no divorce
woman,no divorce
woman,no divorce
woman,no divorce
woman,no divorce
woman,no divorce
woman,no divorce
woman,no divorce
woman,no divorce
woman,no divorce
woman,no divorce
woman,no divorce
woman,no divorce
woman,no divorce